{
  "schema_version": "v1",
  "name_for_human": "Aufgaben Manager",
  "name_for_model": "aufgaben_manager",
  "description_for_human": "Verwalte und zeige deine Aufgaben aus Notion und Supabase an.",
  "description_for_model": "Plugin zum Anzeigen von Aufgaben und deren Status aus der Notion-Datenbank sowie Supabase.",
  "auth": {
    "type": "none"
  },
  "api": {
    "type": "openapi",
    "url": "https://mmi-project.onrender.com/.well-known/openapi-simple.yaml"
  },
  "logo_url": "https://mmi-project.onrender.com/logo.png",
  "contact_email": "chguggisberg70@gmail.com",
  "legal_info_url": "https://mmi-project.onrender.com/legal"
}
